id,market_id,name
300000,128673927,Didi Vatermann
300010,128674183,Bill Turner
300030,128674695,Broo Tarquin
300040,128674951,The Sarge
300050,128675207,Zacariah Nemo
300080,128675975,Liz Ryder
300090,128676231,Hera Tani
300100,128676487,Felicity Farseer
300110,128676743,Ram Tah
300120,128676999,Lei Cheung
300130,128677255,Petra Olmanova
300140,128677511,Colonel Bris Dekker
300150,128677767,Marsha Hicks
300160,128678023,Elvira Martuuk
300180,128678535,The Dweller
300200,128679047,Marco Qwent
300210,128679303,Selene Jean
300220,128679559,Professor Palin
300230,128679815,Lori Jameson
300250,128680327,Juri Ishmaak
300260,128680583,Tod 'The Blaster' McQuinn
300270,128680839,Tiana Fortune
300280,128681095,Mel Brandon
300290,128681351,Etienne Dorn
300300,128954244,Chloe Sedesi